mysql> select * from TRANSACTIONS;
+----------------+------------+-------------+--------------+-------------------+------------+--------------+
| TRANSACTION_ID | PATIENT_ID | LOCATION_ID | CLAIM_AMOUNT | CLAIM_REASON_CODE | CLAIM_DATE | CLAIM_STATUS |
+----------------+------------+-------------+--------------+-------------------+------------+--------------+
|          10001 |          1 |         101 |       100.50 | R                 | 2015-01-17 | APPROVED     |
|          10002 |          2 |         102 |     20100.99 | E                 | 2016-12-01 | DENIED       |
|          10003 |          2 |         102 |     17461.10 | K                 | 2016-12-02 | DENIED       |
|          10004 |          3 |         101 |       100.50 | R                 | 2017-01-17 | APPROVED     |
|          10005 |          2 |         103 |     99999.99 | A                 | 2018-09-16 | PENDING      |
+----------------+------------+-------------+--------------+-------------------+------------+--------------+
5 rows in set (0.00 sec)

mysql> select * from PATIENTS;
+------------+------------+-----------+------------+--------+
| PATIENT_ID | FIRST_NAME | LAST_NAME | DOB        | SEX    |
+------------+------------+-----------+------------+--------+
|          1 | Tony       | Stark     | 1970-05-29 | MALE   |
|          2 | Stephen    | Strange   | 1930-11-18 | MALE   |
|          3 | Natasha    | Romanoff  | 1928-01-01 | FEMALE |
+------------+------------+-----------+------------+--------+
3 rows in set (0.00 sec)
